"module name","license","repository"
"@ampproject/remapping@2.3.0","Apache-2.0","https://github.com/ampproject/remapping"
"@aws-cdk/asset-awscli-v1@2.2.263","Apache-2.0","https://github.com/cdklabs/awscdk-asset-awscli"
"@aws-cdk/asset-node-proxy-agent-v6@2.1.0","Apache-2.0","https://github.com/cdklabs/awscdk-asset-node-proxy-agent"
"@aws-cdk/cloud-assembly-schema@48.20.0","Apache-2.0","https://github.com/aws/aws-cdk-cli"
"@babel/code-frame@7.27.1","MIT","https://github.com/babel/babel"
"@babel/compat-data@7.27.5","MIT","https://github.com/babel/babel"
"@babel/core@7.27.4","MIT","https://github.com/babel/babel"
"@babel/generator@7.27.5","MIT","https://github.com/babel/babel"
"@babel/helper-compilation-targets@7.27.2","MIT","https://github.com/babel/babel"
"@babel/helper-module-imports@7.27.1","MIT","https://github.com/babel/babel"
"@babel/helper-module-transforms@7.27.3","MIT","https://github.com/babel/babel"
"@babel/helper-plugin-utils@7.27.1","MIT","https://github.com/babel/babel"
"@babel/helper-string-parser@7.27.1","MIT","https://github.com/babel/babel"
"@babel/helper-validator-identifier@7.27.1","MIT","https://github.com/babel/babel"
"@babel/helper-validator-option@7.27.1","MIT","https://github.com/babel/babel"
"@babel/helpers@7.27.6","MIT","https://github.com/babel/babel"
"@babel/parser@7.27.5","MIT","https://github.com/babel/babel"
"@babel/plugin-syntax-async-generators@7.8.4","MIT","https://github.com/babel/babel/tree/master/packages/babel-plugin-syntax-async-generators"
"@babel/plugin-syntax-bigint@7.8.3","MIT","https://github.com/babel/babel/tree/master/packages/babel-plugin-syntax-bigint"
"@babel/plugin-syntax-class-properties@7.12.13","MIT","https://github.com/babel/babel"
"@babel/plugin-syntax-class-static-block@7.14.5","MIT","https://github.com/babel/babel"
"@babel/plugin-syntax-import-attributes@7.27.1","MIT","https://github.com/babel/babel"
"@babel/plugin-syntax-import-meta@7.10.4","MIT","https://github.com/babel/babel"
"@babel/plugin-syntax-json-strings@7.8.3","MIT","https://github.com/babel/babel/tree/master/packages/babel-plugin-syntax-json-strings"
"@babel/plugin-syntax-jsx@7.27.1","MIT","https://github.com/babel/babel"
"@babel/plugin-syntax-logical-assignment-operators@7.10.4","MIT","https://github.com/babel/babel"
"@babel/plugin-syntax-nullish-coalescing-operator@7.8.3","MIT","https://github.com/babel/babel/tree/master/packages/babel-plugin-syntax-nullish-coalescing-operator"
"@babel/plugin-syntax-numeric-separator@7.10.4","MIT","https://github.com/babel/babel"
"@babel/plugin-syntax-object-rest-spread@7.8.3","MIT","https://github.com/babel/babel/tree/master/packages/babel-plugin-syntax-object-rest-spread"
"@babel/plugin-syntax-optional-catch-binding@7.8.3","MIT","https://github.com/babel/babel/tree/master/packages/babel-plugin-syntax-optional-catch-binding"
"@babel/plugin-syntax-optional-chaining@7.8.3","MIT","https://github.com/babel/babel/tree/master/packages/babel-plugin-syntax-optional-chaining"
"@babel/plugin-syntax-private-property-in-object@7.14.5","MIT","https://github.com/babel/babel"
"@babel/plugin-syntax-top-level-await@7.14.5","MIT","https://github.com/babel/babel"
"@babel/plugin-syntax-typescript@7.27.1","MIT","https://github.com/babel/babel"
"@babel/template@7.27.2","MIT","https://github.com/babel/babel"
"@babel/traverse@7.27.4","MIT","https://github.com/babel/babel"
"@babel/types@7.27.6","MIT","https://github.com/babel/babel"
"@balena/dockerignore@1.0.2","Apache-2.0","https://github.com/balena-io-modules/dockerignore"
"@bcoe/v8-coverage@0.2.3","MIT","https://github.com/demurgos/v8-coverage"
"@cspotcode/source-map-support@0.8.1","MIT","https://github.com/cspotcode/node-source-map-support"
"@istanbuljs/load-nyc-config@1.1.0","ISC","https://github.com/istanbuljs/load-nyc-config"
"@istanbuljs/schema@0.1.3","MIT","https://github.com/istanbuljs/schema"
"@jest/console@29.7.0","MIT","https://github.com/jestjs/jest"
"@jest/core@29.7.0","MIT","https://github.com/jestjs/jest"
"@jest/environment@29.7.0","MIT","https://github.com/jestjs/jest"
"@jest/expect-utils@29.7.0","MIT","https://github.com/jestjs/jest"
"@jest/expect@29.7.0","MIT","https://github.com/jestjs/jest"
"@jest/fake-timers@29.7.0","MIT","https://github.com/jestjs/jest"
"@jest/globals@29.7.0","MIT","https://github.com/jestjs/jest"
"@jest/reporters@29.7.0","MIT","https://github.com/jestjs/jest"
"@jest/schemas@29.6.3","MIT","https://github.com/jestjs/jest"
"@jest/source-map@29.6.3","MIT","https://github.com/jestjs/jest"
"@jest/test-result@29.7.0","MIT","https://github.com/jestjs/jest"
"@jest/test-sequencer@29.7.0","MIT","https://github.com/jestjs/jest"
"@jest/transform@29.7.0","MIT","https://github.com/jestjs/jest"
"@jest/types@29.6.3","MIT","https://github.com/jestjs/jest"
"@jridgewell/gen-mapping@0.3.8","MIT","https://github.com/jridgewell/gen-mapping"
"@jridgewell/resolve-uri@3.1.2","MIT","https://github.com/jridgewell/resolve-uri"
"@jridgewell/set-array@1.2.1","MIT","https://github.com/jridgewell/set-array"
"@jridgewell/sourcemap-codec@1.5.0","MIT","https://github.com/jridgewell/sourcemap-codec"
"@jridgewell/trace-mapping@0.3.25","MIT","https://github.com/jridgewell/trace-mapping"
"@jridgewell/trace-mapping@0.3.9","MIT","https://github.com/jridgewell/trace-mapping"
"@sinclair/typebox@0.27.8","MIT","https://github.com/sinclairzx81/typebox"
"@sinonjs/commons@3.0.1","BSD-3-Clause","https://github.com/sinonjs/commons"
"@sinonjs/fake-timers@10.3.0","BSD-3-Clause","https://github.com/sinonjs/fake-timers"
"@tsconfig/node10@1.0.11","MIT","https://github.com/tsconfig/bases"
"@tsconfig/node12@1.0.11","MIT","https://github.com/tsconfig/bases"
"@tsconfig/node14@1.0.3","MIT","https://github.com/tsconfig/bases"
"@tsconfig/node16@1.0.4","MIT","https://github.com/tsconfig/bases"
"@types/babel__core@7.20.5","MIT","https://github.com/DefinitelyTyped/DefinitelyTyped"
"@types/babel__generator@7.27.0","MIT","https://github.com/DefinitelyTyped/DefinitelyTyped"
"@types/babel__template@7.4.4","MIT","https://github.com/DefinitelyTyped/DefinitelyTyped"
"@types/babel__traverse@7.20.7","MIT","https://github.com/DefinitelyTyped/DefinitelyTyped"
"@types/graceful-fs@4.1.9","MIT","https://github.com/DefinitelyTyped/DefinitelyTyped"
"@types/istanbul-lib-coverage@2.0.6","MIT","https://github.com/DefinitelyTyped/DefinitelyTyped"
"@types/istanbul-lib-report@3.0.3","MIT","https://github.com/DefinitelyTyped/DefinitelyTyped"
"@types/istanbul-reports@3.0.4","MIT","https://github.com/DefinitelyTyped/DefinitelyTyped"
"@types/jest@29.5.14","MIT","https://github.com/DefinitelyTyped/DefinitelyTyped"
"@types/node@22.19.8","MIT","https://github.com/DefinitelyTyped/DefinitelyTyped"
"@types/stack-utils@2.0.3","MIT","https://github.com/DefinitelyTyped/DefinitelyTyped"
"@types/yargs-parser@21.0.3","MIT","https://github.com/DefinitelyTyped/DefinitelyTyped"
"@types/yargs@17.0.33","MIT","https://github.com/DefinitelyTyped/DefinitelyTyped"
"acorn-walk@8.3.4","MIT","https://github.com/acornjs/acorn"
"acorn@8.15.0","MIT","https://github.com/acornjs/acorn"
"ajv@8.17.1","MIT","https://github.com/ajv-validator/ajv"
"ansi-escapes@4.3.2","MIT","https://github.com/sindresorhus/ansi-escapes"
"ansi-regex@5.0.1","MIT","https://github.com/chalk/ansi-regex"
"ansi-styles@4.3.0","MIT","https://github.com/chalk/ansi-styles"
"ansi-styles@5.2.0","MIT","https://github.com/chalk/ansi-styles"
"anymatch@3.1.3","ISC","https://github.com/micromatch/anymatch"
"arg@4.1.3","MIT","https://github.com/zeit/arg"
"argparse@1.0.10","MIT","https://github.com/nodeca/argparse"
"astral-regex@2.0.0","MIT","https://github.com/kevva/astral-regex"
"asynckit@0.4.0","MIT","https://github.com/alexindigo/asynckit"
"aws-cdk-lib@2.237.1","Apache-2.0","https://github.com/aws/aws-cdk"
"aws-cdk@2.1104.0","Apache-2.0","https://github.com/aws/aws-cdk-cli"
"axios@1.13.4","MIT","https://github.com/axios/axios"
"babel-jest@29.7.0","MIT","https://github.com/jestjs/jest"
"babel-plugin-istanbul@6.1.1","BSD-3-Clause","https://github.com/istanbuljs/babel-plugin-istanbul"
"babel-plugin-jest-hoist@29.6.3","MIT","https://github.com/jestjs/jest"
"babel-preset-current-node-syntax@1.1.0","MIT","https://github.com/nicolo-ribaudo/babel-preset-current-node-syntax"
"babel-preset-jest@29.6.3","MIT","https://github.com/jestjs/jest"
"balanced-match@1.0.2","MIT","https://github.com/juliangruber/balanced-match"
"brace-expansion@1.1.12","MIT","https://github.com/juliangruber/brace-expansion"
"braces@3.0.3","MIT","https://github.com/micromatch/braces"
"browserslist@4.25.0","MIT","https://github.com/browserslist/browserslist"
"bs-logger@0.2.6","MIT","https://github.com/huafu/bs-logger"
"bser@2.1.1","Apache-2.0","https://github.com/facebook/watchman"
"buffer-from@1.1.2","MIT","https://github.com/LinusU/buffer-from"
"call-bind-apply-helpers@1.0.2","MIT","https://github.com/ljharb/call-bind-apply-helpers"
"callsites@3.1.0","MIT","https://github.com/sindresorhus/callsites"
"camelcase@5.3.1","MIT","https://github.com/sindresorhus/camelcase"
"camelcase@6.3.0","MIT","https://github.com/sindresorhus/camelcase"
"caniuse-lite@1.0.30001724","CC-BY-4.0","https://github.com/browserslist/caniuse-lite"
"case@1.6.3","(MIT OR GPL-3.0-or-later)","https://github.com/nbubna/Case"
"cdk-nag@2.37.55","Apache-2.0","https://github.com/cdklabs/cdk-nag"
"chalk@4.1.2","MIT","https://github.com/chalk/chalk"
"char-regex@1.0.2","MIT","https://github.com/Richienb/char-regex"
"ci-info@3.9.0","MIT","https://github.com/watson/ci-info"
"cjs-module-lexer@1.4.3","MIT","https://github.com/nodejs/cjs-module-lexer"
"cliui@8.0.1","ISC","https://github.com/yargs/cliui"
"co@4.6.0","MIT","https://github.com/tj/co"
"collect-v8-coverage@1.0.2","MIT","https://github.com/SimenB/collect-v8-coverage"
"color-convert@2.0.1","MIT","https://github.com/Qix-/color-convert"
"color-name@1.1.4","MIT","https://github.com/colorjs/color-name"
"combined-stream@1.0.8","MIT","https://github.com/felixge/node-combined-stream"
"concat-map@0.0.1","MIT","https://github.com/substack/node-concat-map"
"constructs@10.4.5","Apache-2.0","https://github.com/aws/constructs"
"convert-source-map@2.0.0","MIT","https://github.com/thlorenz/convert-source-map"
"create-jest@29.7.0","MIT","https://github.com/jestjs/jest"
"create-require@1.1.1","MIT","https://github.com/nuxt-contrib/create-require"
"cross-spawn@7.0.6","MIT","https://github.com/moxystudio/node-cross-spawn"
"debug@4.4.1","MIT","https://github.com/debug-js/debug"
"dedent@1.6.0","MIT","https://github.com/dmnd/dedent"
"deepmerge@4.3.1","MIT","https://github.com/TehShrike/deepmerge"
"delayed-stream@1.0.0","MIT","https://github.com/felixge/node-delayed-stream"
"detect-newline@3.1.0","MIT","https://github.com/sindresorhus/detect-newline"
"diff-sequences@29.6.3","MIT","https://github.com/jestjs/jest"
"diff@4.0.4","BSD-3-Clause","https://github.com/kpdecker/jsdiff"
"dunder-proto@1.0.1","MIT","https://github.com/es-shims/dunder-proto"
"electron-to-chromium@1.5.171","ISC","https://github.com/kilian/electron-to-chromium"
"emittery@0.13.1","MIT","https://github.com/sindresorhus/emittery"
"emoji-regex@8.0.0","MIT","https://github.com/mathiasbynens/emoji-regex"
"error-ex@1.3.2","MIT","https://github.com/qix-/node-error-ex"
"es-define-property@1.0.1","MIT","https://github.com/ljharb/es-define-property"
"es-errors@1.3.0","MIT","https://github.com/ljharb/es-errors"
"es-object-atoms@1.1.1","MIT","https://github.com/ljharb/es-object-atoms"
"es-set-tostringtag@2.1.0","MIT","https://github.com/es-shims/es-set-tostringtag"
"escalade@3.2.0","MIT","https://github.com/lukeed/escalade"
"escape-string-regexp@2.0.0","MIT","https://github.com/sindresorhus/escape-string-regexp"
"esprima@4.0.1","BSD-2-Clause","https://github.com/jquery/esprima"
"execa@5.1.1","MIT","https://github.com/sindresorhus/execa"
"exit@0.1.2","MIT","https://github.com/cowboy/node-exit"
"expect@29.7.0","MIT","https://github.com/jestjs/jest"
"fast-deep-equal@3.1.3","MIT","https://github.com/epoberezkin/fast-deep-equal"
"fast-json-stable-stringify@2.1.0","MIT","https://github.com/epoberezkin/fast-json-stable-stringify"
"fast-uri@3.1.0","BSD-3-Clause","https://github.com/fastify/fast-uri"
"fb-watchman@2.0.2","Apache-2.0","https://github.com/facebook/watchman"
"fill-range@7.1.1","MIT","https://github.com/jonschlinkert/fill-range"
"find-up@4.1.0","MIT","https://github.com/sindresorhus/find-up"
"follow-redirects@1.15.9","MIT","https://github.com/follow-redirects/follow-redirects"
"form-data@4.0.4","MIT","https://github.com/form-data/form-data"
"fs-extra@11.3.3","MIT","https://github.com/jprichardson/node-fs-extra"
"fs.realpath@1.0.0","ISC","https://github.com/isaacs/fs.realpath"
"fsevents@2.3.2","MIT","https://github.com/fsevents/fsevents"
"function-bind@1.1.2","MIT","https://github.com/Raynos/function-bind"
"gensync@1.0.0-beta.2","MIT","https://github.com/loganfsmyth/gensync"
"get-caller-file@2.0.5","ISC","https://github.com/stefanpenner/get-caller-file"
"get-intrinsic@1.3.0","MIT","https://github.com/ljharb/get-intrinsic"
"get-package-type@0.1.0","MIT","https://github.com/cfware/get-package-type"
"get-proto@1.0.1","MIT","https://github.com/ljharb/get-proto"
"get-stream@6.0.1","MIT","https://github.com/sindresorhus/get-stream"
"glob@7.2.3","ISC","https://github.com/isaacs/node-glob"
"globals@11.12.0","MIT","https://github.com/sindresorhus/globals"
"gopd@1.2.0","MIT","https://github.com/ljharb/gopd"
"graceful-fs@4.2.11","ISC","https://github.com/isaacs/node-graceful-fs"
"handlebars@4.7.8","MIT","https://github.com/handlebars-lang/handlebars.js"
"has-flag@4.0.0","MIT","https://github.com/sindresorhus/has-flag"
"has-symbols@1.1.0","MIT","https://github.com/inspect-js/has-symbols"
"has-tostringtag@1.0.2","MIT","https://github.com/inspect-js/has-tostringtag"
"hasown@2.0.2","MIT","https://github.com/inspect-js/hasOwn"
"html-escaper@2.0.2","MIT","https://github.com/WebReflection/html-escaper"
"human-signals@2.1.0","Apache-2.0","https://github.com/ehmicky/human-signals"
"ignore@5.3.2","MIT","https://github.com/kaelzhang/node-ignore"
"import-local@3.2.0","MIT","https://github.com/sindresorhus/import-local"
"imurmurhash@0.1.4","MIT","https://github.com/jensyt/imurmurhash-js"
"inflight@1.0.6","ISC","https://github.com/npm/inflight"
"infrastructure@0.1.0","UNKNOWN",""
"inherits@2.0.4","ISC","https://github.com/isaacs/inherits"
"is-arrayish@0.2.1","MIT","https://github.com/qix-/node-is-arrayish"
"is-core-module@2.16.1","MIT","https://github.com/inspect-js/is-core-module"
"is-fullwidth-code-point@3.0.0","MIT","https://github.com/sindresorhus/is-fullwidth-code-point"
"is-generator-fn@2.1.0","MIT","https://github.com/sindresorhus/is-generator-fn"
"is-number@7.0.0","MIT","https://github.com/jonschlinkert/is-number"
"is-stream@2.0.1","MIT","https://github.com/sindresorhus/is-stream"
"isexe@2.0.0","ISC","https://github.com/isaacs/isexe"
"istanbul-lib-coverage@3.2.2","BSD-3-Clause","https://github.com/istanbuljs/istanbuljs"
"istanbul-lib-instrument@5.2.1","BSD-3-Clause","https://github.com/istanbuljs/istanbuljs"
"istanbul-lib-instrument@6.0.3","BSD-3-Clause","https://github.com/istanbuljs/istanbuljs"
"istanbul-lib-report@3.0.1","BSD-3-Clause","https://github.com/istanbuljs/istanbuljs"
"istanbul-lib-source-maps@4.0.1","BSD-3-Clause","https://github.com/istanbuljs/istanbuljs"
"istanbul-reports@3.1.7","BSD-3-Clause","https://github.com/istanbuljs/istanbuljs"
"jest-changed-files@29.7.0","MIT","https://github.com/jestjs/jest"
"jest-circus@29.7.0","MIT","https://github.com/jestjs/jest"
"jest-cli@29.7.0","MIT","https://github.com/jestjs/jest"
"jest-config@29.7.0","MIT","https://github.com/jestjs/jest"
"jest-diff@29.7.0","MIT","https://github.com/jestjs/jest"
"jest-docblock@29.7.0","MIT","https://github.com/jestjs/jest"
"jest-each@29.7.0","MIT","https://github.com/jestjs/jest"
"jest-environment-node@29.7.0","MIT","https://github.com/jestjs/jest"
"jest-get-type@29.6.3","MIT","https://github.com/jestjs/jest"
"jest-haste-map@29.7.0","MIT","https://github.com/jestjs/jest"
"jest-leak-detector@29.7.0","MIT","https://github.com/jestjs/jest"
"jest-matcher-utils@29.7.0","MIT","https://github.com/jestjs/jest"
"jest-message-util@29.7.0","MIT","https://github.com/jestjs/jest"
"jest-mock@29.7.0","MIT","https://github.com/jestjs/jest"
"jest-pnp-resolver@1.2.3","MIT","https://github.com/arcanis/jest-pnp-resolver"
"jest-regex-util@29.6.3","MIT","https://github.com/jestjs/jest"
"jest-resolve-dependencies@29.7.0","MIT","https://github.com/jestjs/jest"
"jest-resolve@29.7.0","MIT","https://github.com/jestjs/jest"
"jest-runner@29.7.0","MIT","https://github.com/jestjs/jest"
"jest-runtime@29.7.0","MIT","https://github.com/jestjs/jest"
"jest-snapshot@29.7.0","MIT","https://github.com/jestjs/jest"
"jest-util@29.7.0","MIT","https://github.com/jestjs/jest"
"jest-validate@29.7.0","MIT","https://github.com/jestjs/jest"
"jest-watcher@29.7.0","MIT","https://github.com/jestjs/jest"
"jest-worker@29.7.0","MIT","https://github.com/jestjs/jest"
"jest@29.7.0","MIT","https://github.com/jestjs/jest"
"js-tokens@4.0.0","MIT","https://github.com/lydell/js-tokens"
"js-yaml@3.14.2","MIT","https://github.com/nodeca/js-yaml"
"jsesc@3.1.0","MIT","https://github.com/mathiasbynens/jsesc"
"json-parse-even-better-errors@2.3.1","MIT","https://github.com/npm/json-parse-even-better-errors"
"json-schema-traverse@1.0.0","MIT","https://github.com/epoberezkin/json-schema-traverse"
"json5@2.2.3","MIT","https://github.com/json5/json5"
"jsonfile@6.2.0","MIT","https://github.com/jprichardson/node-jsonfile"
"jsonschema@1.4.1","MIT","https://github.com/tdegrunt/jsonschema"
"jsonschema@1.5.0","MIT","https://github.com/tdegrunt/jsonschema"
"kleur@3.0.3","MIT","https://github.com/lukeed/kleur"
"leven@3.1.0","MIT","https://github.com/sindresorhus/leven"
"lines-and-columns@1.2.4","MIT","https://github.com/eventualbuddha/lines-and-columns"
"locate-path@5.0.0","MIT","https://github.com/sindresorhus/locate-path"
"lodash.memoize@4.1.2","MIT","https://github.com/lodash/lodash"
"lodash.truncate@4.4.2","MIT","https://github.com/lodash/lodash"
"lru-cache@5.1.1","ISC","https://github.com/isaacs/node-lru-cache"
"make-dir@4.0.0","MIT","https://github.com/sindresorhus/make-dir"
"make-error@1.3.6","ISC","https://github.com/JsCommunity/make-error"
"makeerror@1.0.12","BSD-3-Clause","https://github.com/daaku/nodejs-makeerror"
"math-intrinsics@1.1.0","MIT","https://github.com/es-shims/math-intrinsics"
"merge-stream@2.0.0","MIT","https://github.com/grncdr/merge-stream"
"micromatch@4.0.8","MIT","https://github.com/micromatch/micromatch"
"mime-db@1.52.0","MIT","https://github.com/jshttp/mime-db"
"mime-types@2.1.35","MIT","https://github.com/jshttp/mime-types"
"mimic-fn@2.1.0","MIT","https://github.com/sindresorhus/mimic-fn"
"minimatch@3.1.2","ISC","https://github.com/isaacs/minimatch"
"minimist@1.2.8","MIT","https://github.com/minimistjs/minimist"
"ms@2.1.3","MIT","https://github.com/vercel/ms"
"natural-compare@1.4.0","MIT","https://github.com/litejs/natural-compare-lite"
"neo-async@2.6.2","MIT","https://github.com/suguru03/neo-async"
"node-int64@0.4.0","MIT","https://github.com/broofa/node-int64"
"node-releases@2.0.19","MIT","https://github.com/chicoxyzzy/node-releases"
"normalize-path@3.0.0","MIT","https://github.com/jonschlinkert/normalize-path"
"npm-run-path@4.0.1","MIT","https://github.com/sindresorhus/npm-run-path"
"once@1.4.0","ISC","https://github.com/isaacs/once"
"onetime@5.1.2","MIT","https://github.com/sindresorhus/onetime"
"p-limit@2.3.0","MIT","https://github.com/sindresorhus/p-limit"
"p-limit@3.1.0","MIT","https://github.com/sindresorhus/p-limit"
"p-locate@4.1.0","MIT","https://github.com/sindresorhus/p-locate"
"p-try@2.2.0","MIT","https://github.com/sindresorhus/p-try"
"parse-json@5.2.0","MIT","https://github.com/sindresorhus/parse-json"
"path-exists@4.0.0","MIT","https://github.com/sindresorhus/path-exists"
"path-is-absolute@1.0.1","MIT","https://github.com/sindresorhus/path-is-absolute"
"path-key@3.1.1","MIT","https://github.com/sindresorhus/path-key"
"path-parse@1.0.7","MIT","https://github.com/jbgutierrez/path-parse"
"picocolors@1.1.1","ISC","https://github.com/alexeyraspopov/picocolors"
"picomatch@2.3.1","MIT","https://github.com/micromatch/picomatch"
"pirates@4.0.7","MIT","https://github.com/danez/pirates"
"pkg-dir@4.2.0","MIT","https://github.com/sindresorhus/pkg-dir"
"pretty-format@29.7.0","MIT","https://github.com/jestjs/jest"
"prompts@2.4.2","MIT","https://github.com/terkelg/prompts"
"proxy-from-env@1.1.0","MIT","https://github.com/Rob--W/proxy-from-env"
"punycode@2.3.1","MIT","https://github.com/mathiasbynens/punycode.js"
"pure-rand@6.1.0","MIT","https://github.com/dubzzz/pure-rand"
"react-is@18.3.1","MIT","https://github.com/facebook/react"
"require-directory@2.1.1","MIT","https://github.com/troygoode/node-require-directory"
"require-from-string@2.0.2","MIT","https://github.com/floatdrop/require-from-string"
"resolve-cwd@3.0.0","MIT","https://github.com/sindresorhus/resolve-cwd"
"resolve-from@5.0.0","MIT","https://github.com/sindresorhus/resolve-from"
"resolve.exports@2.0.3","MIT","https://github.com/lukeed/resolve.exports"
"resolve@1.22.10","MIT","https://github.com/browserify/resolve"
"semver@6.3.1","ISC","https://github.com/npm/node-semver"
"semver@7.7.2","ISC","https://github.com/npm/node-semver"
"semver@7.7.3","ISC","https://github.com/npm/node-semver"
"shebang-command@2.0.0","MIT","https://github.com/kevva/shebang-command"
"shebang-regex@3.0.0","MIT","https://github.com/sindresorhus/shebang-regex"
"signal-exit@3.0.7","ISC","https://github.com/tapjs/signal-exit"
"sisteransi@1.0.5","MIT","https://github.com/terkelg/sisteransi"
"slash@3.0.0","MIT","https://github.com/sindresorhus/slash"
"slice-ansi@4.0.0","MIT","https://github.com/chalk/slice-ansi"
"source-map-support@0.5.13","MIT","https://github.com/evanw/node-source-map-support"
"source-map@0.6.1","BSD-3-Clause","https://github.com/mozilla/source-map"
"sprintf-js@1.0.3","BSD-3-Clause","https://github.com/alexei/sprintf.js"
"stack-utils@2.0.6","MIT","https://github.com/tapjs/stack-utils"
"string-length@4.0.2","MIT","https://github.com/sindresorhus/string-length"
"string-width@4.2.3","MIT","https://github.com/sindresorhus/string-width"
"strip-ansi@6.0.1","MIT","https://github.com/chalk/strip-ansi"
"strip-bom@4.0.0","MIT","https://github.com/sindresorhus/strip-bom"
"strip-final-newline@2.0.0","MIT","https://github.com/sindresorhus/strip-final-newline"
"strip-json-comments@3.1.1","MIT","https://github.com/sindresorhus/strip-json-comments"
"supports-color@7.2.0","MIT","https://github.com/chalk/supports-color"
"supports-color@8.1.1","MIT","https://github.com/chalk/supports-color"
"supports-preserve-symlinks-flag@1.0.0","MIT","https://github.com/inspect-js/node-supports-preserve-symlinks-flag"
"table@6.9.0","BSD-3-Clause","https://github.com/gajus/table"
"test-exclude@6.0.0","ISC","https://github.com/istanbuljs/test-exclude"
"tmpl@1.0.5","BSD-3-Clause","https://github.com/daaku/nodejs-tmpl"
"to-regex-range@5.0.1","MIT","https://github.com/micromatch/to-regex-range"
"ts-jest@29.4.6","MIT","https://github.com/kulshekhar/ts-jest"
"ts-node@10.9.2","MIT","https://github.com/TypeStrong/ts-node"
"type-detect@4.0.8","MIT","https://github.com/chaijs/type-detect"
"type-fest@0.21.3","(MIT OR CC0-1.0)","https://github.com/sindresorhus/type-fest"
"type-fest@4.41.0","(MIT OR CC0-1.0)","https://github.com/sindresorhus/type-fest"
"typescript@5.9.3","Apache-2.0","https://github.com/microsoft/TypeScript"
"uglify-js@3.19.3","BSD-2-Clause","https://github.com/mishoo/UglifyJS"
"undici-types@6.21.0","MIT","https://github.com/nodejs/undici"
"universalify@2.0.1","MIT","https://github.com/RyanZim/universalify"
"update-browserslist-db@1.1.3","MIT","https://github.com/browserslist/update-db"
"v8-compile-cache-lib@3.0.1","MIT","https://github.com/cspotcode/v8-compile-cache-lib"
"v8-to-istanbul@9.3.0","ISC","https://github.com/istanbuljs/v8-to-istanbul"
"walker@1.0.8","Apache-2.0","https://github.com/daaku/nodejs-walker"
"which@2.0.2","ISC","https://github.com/isaacs/node-which"
"wordwrap@1.0.0","MIT","https://github.com/substack/node-wordwrap"
"wrap-ansi@7.0.0","MIT","https://github.com/chalk/wrap-ansi"
"wrappy@1.0.2","ISC","https://github.com/npm/wrappy"
"write-file-atomic@4.0.2","ISC","https://github.com/npm/write-file-atomic"
"y18n@5.0.8","ISC","https://github.com/yargs/y18n"
"yallist@3.1.1","ISC","https://github.com/isaacs/yallist"
"yaml@1.10.2","ISC","https://github.com/eemeli/yaml"
"yargs-parser@21.1.1","ISC","https://github.com/yargs/yargs-parser"
"yargs@17.7.2","MIT","https://github.com/yargs/yargs"
"yn@3.1.1","MIT","https://github.com/sindresorhus/yn"
"yocto-queue@0.1.0","MIT","https://github.com/sindresorhus/yocto-queue"